{
  "away_proj_lineup_woba": 0.3055,
  "diff_proj_sp_k_bb": 0.0,
  "diff_proj_sp_sc_era": 0.0,
  "diff_proj_lineup_woba": -6.349206349204328e-05,
  "home_proj_lineup_woba": 0.3057272727272728,
  "home_proj_lineup_bb_score": 63.6125,
  "away_proj_sp_k_bb": 13.0,
  "home_proj_sp_sc_era": 4.36,
  "home_proj_sp_fip": 4.24,
  "diff_proj_sp_sust": 0.0,
  "home_proj_sp_war": 0.0,
  "home_elo": 1503.4,
  "away_elo": 1503.3,
  "diff_pyth_t30": 7.804496113250625e-05,
  "diff_pyth_t14": -0.00032218294563515,
  "away_team_whip_t14": 1.0698821221478032,
  "home_team_whip_t30": 1.0722480056652466,
  "away_team_k_pct_t14": 0.1983870967741615,
  "home_team_k_pct_t14": 0.1983999999999682,
  "home_era_sp10": 3.8688153155156315,
  "away_k_pct_sp10": 0.2028,
  "away_bb_pct_sp10": 0.0714285714285714,
  "away_ip_per_start_sp10": 1.7164246823956444,
  "home_fip_sp10": 4.051768172888016,
  "home_bb_pct_sp10": 0.0714285714285714,
  "away_era_sp5": 3.8703071672354943,
  "away_fip_sp10": 4.05,
  "home_ip_per_start_sp5": 0.8683669049166125,
  "away_whip_sp10": 1.1892857142857145,
  "away_era_sp10": 3.8571428571428577,
  "away_k_pct_sp5": 0.2016129032258064,
  "home_ip_per_start_sp10": 1.722222222222222,
  "diff_bp_bb_pct_bp35": -7.516504628686527e-05,
  "diff_bp_whip_bp35": 0.00033979947501275,
  "diff_bp_k_pct_bp35": 0.0004628586325815,
  "home_lineup_slg": 0.4002885254314229,
  "away_lineup_slg": 0.39945886480965276,
  "home_platoon_adv": 0.4545454545454545,
  "away_platoon_adv": 0.4545454545454545,
  "away_velo_x_same_hand": 51.21818181818182,
  "home_velo_x_same_hand": 51.21818181818182,
  "home_ivb_x_same_hand": 6.9818181818181815,
  "home_venue_wpct": 0.5333333333333333,
  "away_venue_wpct": 0.4666666666666667,
  "diff_venue_wpct": 0.0666666666666666
}