{
  "home_proj_lineup_woba": 0.3057272727272728,
  "away_proj_lineup_woba": 0.3055,
  "home_proj_sp_fip": 4.24,
  "away_proj_sp_fip": 4.25,
  "home_proj_sp_sc_era": 4.36,
  "away_proj_sp_sc_era": 4.36,
  "home_proj_sp_k_bb": 13.1,
  "away_proj_sp_k_bb": 13.0,
  "home_proj_sp_sust": 54.0,
  "away_proj_sp_sust": 54.0,
  "home_elo": 1503.4,
  "away_elo": 1503.3,
  "home_rs_t30": 4.433333333333334,
  "away_rs_t30": 4.433333333333334,
  "home_ra_t30": 4.4,
  "away_ra_t30": 4.433333333333334,
  "home_pyth_t30": 0.4999999999999976,
  "away_pyth_t30": 0.4999999999999972,
  "home_team_era_t30": 3.4387427871994456,
  "away_team_era_t30": 3.442598764107297,
  "home_team_whip_t30": 1.0722480056652466,
  "away_team_whip_t30": 1.0716527316831215,
  "home_team_k_pct_t14": 0.1983999999999682,
  "away_team_k_pct_t14": 0.1983870967741615,
  "home_era_sp10": 3.8688153155156315,
  "away_era_sp10": 3.8571428571428577,
  "home_fip_sp10": 4.051768172888016,
  "away_fip_sp10": 4.05,
  "home_k_pct_sp10": 0.20332215512941598,
  "away_k_pct_sp10": 0.2028,
  "home_bb_pct_sp10": 0.0714285714285714,
  "away_bb_pct_sp10": 0.0714285714285714,
  "home_ip_per_start_sp10": 1.722222222222222,
  "away_ip_per_start_sp10": 1.7164246823956444,
  "home_sp_rgs": 53.464852941176474,
  "away_sp_rgs": 53.47713043478261,
  "diff_bp_era_bp35": 0.010915155140915851,
  "diff_bp_whip_bp35": 0.00033979947501275,
  "diff_bp_k_pct_bp35": 0.0004628586325815,
  "home_lineup_slg": 0.4002885254314229,
  "away_lineup_slg": 0.39945886480965276,
  "home_platoon_adv": 0.4545454545454545,
  "away_platoon_adv": 0.4545454545454545,
  "home_venue_wpct": 0.5333333333333333,
  "away_venue_wpct": 0.4666666666666667
}